is_potentially_hazardous_asteroid,estimated_diameter.meters.estimated_diameter_min,estimated_diameter.meters.estimated_diameter_max,close_approach_date,epoch_date_close_approach,orbiting_body,relative_velocity.kilometers_per_second,relative_velocity.kilometers_per_hour,orbit_class_description,id,name,relative_velocity.kilometers_per_minute
0,483.67648821849997,1081.533506775,1995-01-07 00:00:00,1995-01-07 08:33:00,Earth,16.1428635186,58114.30866694489,Near Earth asteroid orbits similar to that of 2062 Aten,2154652,154652 (2004 EP20),968.5718111157481
1,96.50614695790001,215.7943048444,1995-01-07 00:00:00,1995-01-07 15:09:00,Earth,12.3510438151,44463.7577343496,Near Earth asteroid orbits which cross the Earth’s orbit similar to that of 1862 Apollo,3153509,(2003 HM),741.0626289058267
0,46.190746028199996,103.28564805040001,1995-01-07 00:00:00,1995-01-07 21:25:00,Earth,22.478615283699998,80923.0150213416,Near Earth asteroid orbits similar to that of 2062 Aten,3837644,(2019 AY3),1348.7169170223601
0,22.108281035900003,49.435619261999996,1995-01-07 00:00:00,1995-01-07 02:45:00,Earth,4.9986912098000005,17995.2883553078,Near Earth asteroid orbits similar to that of 1221 Amor,3843493,(2019 PY),299.9214725884633
0,160.1603379786,358.1294030194,1995-01-08 00:00:00,1995-01-08 12:46:00,Earth,7.4650893561,26874.3216818148,An asteroid orbit contained entirely within the orbit of the Eart,3765015,(2016 WR48),447.90536136357997
0,802.7031672828999,1794.8988477988,1995-01-08 00:00:00,1995-01-08 10:54:00,Earth,32.1607528615,115778.71030144,Near Earth asteroid orbits which cross the Earth’s orbit similar to that of 1862 Apollo,3824107,(2018 JB3),1929.6451716906668
1,231.5021222103,517.6544821978,1995-01-08 00:00:00,1995-01-08 09:13:00,Earth,7.5907111593,27326.560173582002,Near Earth asteroid orbits similar to that of 1221 Amor,2446862,446862 (2001 VB76),455.44266955970005
0,27.8326768072,62.2357573367,1995-01-05 00:00:00,1995-01-05 06:02:00,Earth,5.4474225417,19610.7211502161,Near Earth asteroid orbits similar to that of 1221 Amor,3623683,(2013 AG53),326.8453525036017
0,483.67648821849997,1081.533506775,1995-01-05 00:00:00,1995-01-05 22:31:00,Earth,21.605198800700002,77778.7156823659,Near Earth asteroid orbits similar to that of 1221 Amor,3645123,(2013 NX23),1296.3119280394317
0,192.55507818790002,430.566244241,1995-01-05 00:00:00,1995-01-05 03:28:00,Earth,7.6363343327,27490.8035975483,Near Earth asteroid orbits similar to that of 1221 Amor,2416151,416151 (2002 RQ25),458.1800599591383
0,20.1629919443,45.0858206172,1995-01-05 00:00:00,1995-01-05 14:32:00,Earth,7.7759841602,27993.542976657,Near Earth asteroid orbits which cross the Earth’s orbit similar to that of 1862 Apollo,3550117,(2010 VB),466.55904961095
0,291.4439045349,651.6883821679,1995-01-06 00:00:00,1995-01-06 14:26:00,Earth,13.763152388599998,49547.3485989409,Near Earth asteroid orbits which cross the Earth’s orbit similar to that of 1862 Apollo,3471692,(2009 UP1),825.7891433156817
0,35.0392641108,78.35017643340001,1995-01-06 00:00:00,1995-01-06 04:51:00,Earth,6.6616654938,23981.9957775161,Near Earth asteroid orbits which cross the Earth’s orbit similar to that of 1862 Apollo,3713272,(2015 EF7),399.6999296252683
0,1272.1987853936,2844.7229650327004,1995-01-06 00:00:00,1995-01-06 04:47:00,Earth,9.6048767738,34577.5563855991,Near Earth asteroid orbits similar to that of 1221 Amor,2137062,137062 (1998 WM),576.2926064266517
0,8.4053340207,18.7948982439,1995-01-06 00:00:00,1995-01-06 00:41:00,Earth,7.0205499158,25273.9796969348,Near Earth asteroid orbits similar to that of 2062 Aten,3893486,(2019 WN2),421.2329949489133
1,133.2155666981,297.8790627982,1995-01-03 00:00:00,1995-01-03 01:31:00,Earth,14.2350916869,51246.330072703895,Near Earth asteroid orbits which cross the Earth’s orbit similar to that of 1862 Apollo,3766463,(2017 AY13),854.1055012117316
1,278.3267680719,622.3575733667,1995-01-03 00:00:00,1995-01-03 08:00:00,Earth,5.2486366908,18895.0920867914,Near Earth asteroid orbits which cross the Earth’s orbit similar to that of 1862 Apollo,3342323,(2006 SF6),314.9182014465233
1,146.0679642714,326.6178974458,1995-01-03 00:00:00,1995-01-03 03:33:00,Earth,5.2019174692000005,18726.902889213798,Near Earth asteroid orbits which cross the Earth’s orbit similar to that of 1862 Apollo,2452807,452807 (2006 KV89),312.1150481535633
1,278.3267680719,622.3575733667,1995-01-03 00:00:00,1995-01-03 18:17:00,Earth,5.2487147466,18895.3730879092,Near Earth asteroid orbits which cross the Earth’s orbit similar to that of 1862 Apollo,2481394,481394 (2006 SF6),314.9228847984867
0,441.11819999690005,986.3702813053999,1995-01-04 00:00:00,1995-01-04 18:33:00,Earth,15.4530476495,55630.9715383354,Near Earth asteroid orbits similar to that of 2062 Aten,2308041,308041 (2004 TN),927.1828589722567
0,291.4439045349,651.6883821679,1995-01-04 00:00:00,1995-01-04 01:52:00,Earth,14.2722708044,51380.174895857315,Near Earth asteroid orbits similar to that of 2062 Aten,3359282,(2006 WN3),856.3362482642885
0,26.58,59.434686841899996,1995-01-04 00:00:00,1995-01-04 04:37:00,Earth,25.347544487199997,91251.1601539319,Near Earth asteroid orbits similar to that of 2062 Aten,3485631,(2010 AF40),1520.8526692321982
0,31.9561886721,71.45621017270001,1995-01-04 00:00:00,1995-01-04 15:44:00,Earth,9.81018732,35316.6743519151,Near Earth asteroid orbits similar to that of 2062 Aten,3825569,(2018 NF1),588.6112391985849
0,506.4714588346,1132.5046106177,1995-01-04 00:00:00,1995-01-04 12:16:00,Earth,10.155091581799999,36558.3296945282,Near Earth asteroid orbits which cross the Earth’s orbit similar to that of 1862 Apollo,2138947,138947 (2001 BA40),609.3054949088033
0,152.9519353442,342.0109247198,1995-01-04 00:00:00,1995-01-04 13:13:00,Earth,17.398716775,62635.3803901775,Near Earth asteroid orbits similar to that of 2062 Aten,3716433,(2015 HA1),1043.9230065029583
0,22.108281035900003,49.435619261999996,1995-01-04 00:00:00,1995-01-04 19:00:00,Earth,19.504354258299998,70215.675330042,Near Earth asteroid orbits similar to that of 2062 Aten,3766036,(2016 XR23),1170.2612555007
0,21.113244479000002,47.2106498806,1995-01-04 00:00:00,1995-01-04 00:17:00,Earth,5.4829884789,19738.7585239395,Near Earth asteroid orbits which cross the Earth’s orbit similar to that of 1862 Apollo,3843734,(2019 RA),328.979308732325
0,63.7609789875,142.57388332809998,1995-01-01 00:00:00,1995-01-01 14:03:00,Earth,16.5213860889,59476.989919935986,An asteroid orbit contained entirely within the orbit of the Eart,3792437,(2017 XR61),991.2831653322664
0,146.0679642714,326.6178974458,1995-01-01 00:00:00,1995-01-01 03:25:00,Earth,18.1139850263,65210.3460948409,An asteroid orbit contained entirely within the orbit of the Eart,3723955,(2015 NK3),1086.8391015806817
1,116.0259082094,259.44181790740004,1995-01-02 00:00:00,1995-01-02 15:12:00,Earth,14.9782587738,53921.7315857621,Near Earth asteroid orbits similar to that of 1221 Amor,3553279,(2010 XB24),898.6955264293683
0,14.6067964271,32.6617897446,1995-01-02 00:00:00,1995-01-02 03:28:00,Earth,6.4021620104,23047.7832375179,Near Earth asteroid orbits similar to that of 1221 Amor,3825428,(2018 MA5),384.1297206252983
0,44.1118199997,98.6370281305,1995-01-02 00:00:00,1995-01-02 19:37:00,Earth,11.5802363188,41688.8507475223,An asteroid orbit contained entirely within the orbit of the Eart,3639467,(2013 LC1),694.8141791253717
0,5.8150703964999995,13.0028927004,1995-01-02 00:00:00,1995-01-02 13:00:00,Earth,15.1128684067,54406.326264187,Near Earth asteroid orbits similar to that of 2062 Aten,3703059,(2014 YE15),906.7721044031167
0,1.332155667,2.978790628,1995-01-02 00:00:00,1995-01-02 22:41:00,Earth,2.9755350607,10711.9262185554,Near Earth asteroid orbits which cross the Earth’s orbit similar to that of 1862 Apollo,3943319,(2019 YS),178.53210364259
0,11.2345317672,25.121176726799998,1995-01-02 00:00:00,1995-01-02 03:54:00,Earth,7.1500141326,25740.0508773213,Near Earth asteroid orbits similar to that of 1221 Amor,54016806,(2020 HT7),429.000847955355
0,8.0270316728,17.948988478,1995-01-09 00:00:00,1995-01-09 04:53:00,Earth,7.6152812259000005,27415.012413341406,Near Earth asteroid orbits which cross the Earth’s orbit similar to that of 1862 Apollo,3842683,(2019 LO),456.91687355569013
0,22.108281035900003,49.435619261999996,1995-01-09 00:00:00,1995-01-09 12:02:00,Earth,23.3997220939,84238.9995379446,An asteroid orbit contained entirely within the orbit of the Eart,3366282,(2007 BD),1403.98332563241
1,121.49404079959999,271.6689340891,1995-01-09 00:00:00,1995-01-09 16:34:00,Earth,11.160735799100001,40178.6488767589,Near Earth asteroid orbits which cross the Earth’s orbit similar to that of 1862 Apollo,3544935,(2010 PW58),669.6441479459817
0,17.561231848,39.2681081809,1995-01-09 00:00:00,1995-01-09 16:02:00,Earth,5.7808744202,20811.1479127669,An asteroid orbit contained entirely within the orbit of the Eart,3797669,(2018 AW11),346.8524652127817
0,16.0160337979,35.8129403019,1995-01-09 00:00:00,1995-01-09 18:00:00,Earth,8.1492924834,29337.452940410698,Near Earth asteroid orbits similar to that of 1221 Amor,3735599,(2015 WA13),488.95754900684494
0,76.6575573531,171.4115092306,1995-01-14 00:00:00,1995-01-14 07:03:00,Earth,11.6500973732,41940.3505436064,Near Earth asteroid orbits similar to that of 1221 Amor,3102756,(2002 AO11),699.00584239344
0,291.4439045349,651.6883821679,1995-01-14 00:00:00,1995-01-14 01:16:00,Earth,10.1296631155,36466.7872158652,Near Earth asteroid orbits similar to that of 2062 Aten,2434632,434632 (2005 WE),607.7797869310867
0,26.58,59.434686841899996,1995-01-14 00:00:00,1995-01-14 11:51:00,Earth,13.7000461198,49320.1660312508,Near Earth asteroid orbits similar to that of 1221 Amor,3457846,(2009 HG21),822.0027671875134
0,319.5618867213,714.5621017269,1995-01-15 00:00:00,1995-01-15 23:36:00,Earth,10.8088500572,38911.8602059758,An asteroid orbit contained entirely within the orbit of the Eart,2495323,495323 (2014 JG78),648.53100343293
1,127.2198785394,284.4722965033,1995-01-15 00:00:00,1995-01-15 02:53:00,Earth,9.8408312207,35426.9923944775,Near Earth asteroid orbits which cross the Earth’s orbit similar to that of 1862 Apollo,2510055,510055 (2010 FH81),590.4498732412917
1,127.2198785394,284.4722965033,1995-01-15 00:00:00,1995-01-15 08:00:00,Earth,9.8408316738,35426.9940257225,An asteroid orbit contained entirely within the orbit of the Eart,3514799,(2010 FH81),590.4499004287084
0,319.5618867213,714.5621017269,1995-01-15 00:00:00,1995-01-15 08:00:00,Earth,10.808843958499999,38911.83825064,Near Earth asteroid orbits similar to that of 2062 Aten,3671135,(2014 JG78),648.5306375106667
0,8.801465209,19.6806745089,1995-01-15 00:00:00,1995-01-15 09:08:00,Earth,11.1738744976,40225.948191338,Near Earth asteroid orbits which cross the Earth’s orbit similar to that of 1862 Apollo,3092506,(2001 WJ4),670.4324698556334
0,35.0392641108,78.35017643340001,1995-01-15 00:00:00,1995-01-15 07:27:00,Earth,10.3790222165,37364.4799793748,Near Earth asteroid orbits similar to that of 2062 Aten,3761747,(2016 UO41),622.7413329895801
0,211.1324447897,472.10649880550005,1995-01-15 00:00:00,1995-01-15 15:16:00,Earth,32.128162777600004,115661.38599919801,An asteroid orbit contained entirely within the orbit of the Eart,3709080,(2015 BV510),1927.6897666533002
0,88.0146520901,196.80674508939998,1995-01-12 00:00:00,1995-01-12 07:05:00,Earth,11.670658361800001,42014.3701023385,An asteroid orbit contained entirely within the orbit of the Eart,3485806,(2010 AL60),700.2395017056417
0,13.9493822934,31.1917670523,1995-01-12 00:00:00,1995-01-12 15:03:00,Earth,9.8910525391,35607.7891408843,An asteroid orbit contained entirely within the orbit of the Eart,3371143,(2007 EO88),593.4631523480716
1,402.3045798343,899.5803881691,1995-01-12 00:00:00,1995-01-12 18:53:00,Earth,16.2693534256,58569.6723322741,Near Earth asteroid orbits which cross the Earth’s orbit similar to that of 1862 Apollo,2230111,230111 (2001 BE10),976.1612055379017
0,1010.5434154200999,2259.643771094,1995-01-12 00:00:00,1995-01-12 01:44:00,Earth,10.3240519745,37166.5871082511,Near Earth asteroid orbits similar to that of 1221 Amor,2002062,2062 Aten (1976 AA),619.4431184708517
0,8.0270316728,17.948988478,1995-01-12 00:00:00,1995-01-12 10:54:00,Earth,6.4940324303,23378.516749244103,Near Earth asteroid orbits which cross the Earth’s orbit similar to that of 1862 Apollo,3515451,(2010 GV23),389.64194582073503
0,201.62991944279997,450.8582061718,1995-01-12 00:00:00,1995-01-12 06:02:00,Earth,15.7875149268,56835.0537363864,Near Earth asteroid orbits similar to that of 2062 Aten,3766324,(2017 AY3),947.2508956064399
0,84.0533402073,187.9489824394,1995-01-12 00:00:00,1995-01-12 19:22:00,Earth,18.256054611099998,65721.7966001058,Near Earth asteroid orbits which cross the Earth’s orbit similar to that of 1862 Apollo,3837932,(2019 AY13),1095.36327666843
0,319.5618867213,714.5621017269,1995-01-12 00:00:00,1995-01-12 10:13:00,Earth,12.4614908455,44861.367043658494,Near Earth asteroid orbits similar to that of 2062 Aten,3837973,(2019 BO1),747.6894507276415
0,766.5755735311,1714.1150923063,1995-01-13 00:00:00,1995-01-13 12:45:00,Earth,10.7348065466,38645.3035676534,Near Earth asteroid orbits which cross the Earth’s orbit similar to that of 1862 Apollo,2152964,152964 (2000 GP82),644.0883927942233
0,23.150212221,51.76544821979999,1995-01-13 00:00:00,1995-01-13 14:15:00,Earth,17.162009339100006,61783.2336206074,Near Earth asteroid orbits similar to that of 1221 Amor,3263533,(2004 XG29),1029.7205603434568
0,55.533491158100006,124.1766612574,1995-01-13 00:00:00,1995-01-13 15:10:00,Earth,18.7825458444,67617.1650396737,An asteroid orbit contained entirely within the orbit of the Eart,3736819,(2015 YE),1126.9527506612283
0,231.5021222103,517.6544821978,1995-01-13 00:00:00,1995-01-13 15:29:00,Earth,21.5193423706,77469.6325340826,Near Earth asteroid orbits similar to that of 2062 Aten,3361551,(2006 WR127),1291.16054223471
0,80.2703167283,179.48988477990002,1995-01-13 00:00:00,1995-01-13 01:59:00,Earth,11.5094811181,41434.1320250948,Near Earth asteroid orbits similar to that of 2062 Aten,3704145,(2015 AB246),690.5688670849133
0,211.1324447897,472.10649880550005,1995-01-13 00:00:00,1995-01-13 10:42:00,Earth,12.6021862577,45367.8705278892,An asteroid orbit contained entirely within the orbit of the Eart,3314052,(2006 BO55),756.13117546482
0,231.5021222103,517.6544821978,1995-01-13 00:00:00,1995-01-13 15:29:00,Earth,21.519338268400002,77469.6177664031,Near Earth asteroid orbits similar to that of 2062 Aten,2526742,526742 (2006 WR127),1291.1602961067183
1,366.9061375314,820.4270648822,1995-01-10 00:00:00,1995-01-10 01:59:00,Earth,18.9235619734,68124.82310425371,Near Earth asteroid orbits which cross the Earth’s orbit similar to that of 1862 Apollo,3117420,(2002 EY2),1135.4137184042286
0,53.0340723319,118.5877908577,1995-01-10 00:00:00,1995-01-10 09:37:00,Earth,3.7998353604000004,13679.407297560401,Near Earth asteroid orbits which cross the Earth’s orbit similar to that of 1862 Apollo,3620667,(2012 XP111),227.9901216260067
0,366.9061375314,820.4270648822,1995-01-10 00:00:00,1995-01-10 09:00:00,Earth,15.888186256800001,57197.470524375996,Near Earth asteroid orbits which cross the Earth’s orbit similar to that of 1862 Apollo,2163023,163023 (2001 XU1),953.2911754062666
0,88.0146520901,196.80674508939998,1995-01-10 00:00:00,1995-01-10 17:49:00,Earth,24.288857898099998,87439.8884332712,Near Earth asteroid orbits similar to that of 1221 Amor,3366004,(2007 AA9),1457.3314738878535
0,22.108281035900003,49.435619261999996,1995-01-10 00:00:00,1995-01-10 18:20:00,Earth,14.7612903218,53140.6451584192,An asteroid orbit contained entirely within the orbit of the Eart,3429684,(2008 TZ),885.6774193069866
1,127.2198785394,284.4722965033,1995-01-10 00:00:00,1995-01-10 01:49:00,Earth,21.9477292873,79011.8254344272,Near Earth asteroid orbits which cross the Earth’s orbit similar to that of 1862 Apollo,3556126,(2011 BM45),1316.8637572404534
0,88.0146520901,196.80674508939998,1995-01-10 00:00:00,1995-01-10 17:49:00,Earth,24.2888578457,87439.8882443566,An asteroid orbit contained entirely within the orbit of the Eart,2526798,526798 (2007 AA9),1457.3314707392767
1,265.8,594.3468684194,1995-01-11 00:00:00,1995-01-11 21:36:00,Earth,19.1764208552,69035.1150788215,An asteroid orbit contained entirely within the orbit of the Eart,2452376,452376 (2002 AC5),1150.5852513136917
0,92.1626548503,206.08196123209999,1995-01-11 00:00:00,1995-01-11 22:51:00,Earth,24.955861304899997,89841.1006977167,Near Earth asteroid orbits which cross the Earth’s orbit similar to that of 1862 Apollo,3444551,(2009 BC11),1497.3516782952784
0,7.6657557352999985,17.1411509231,1995-01-11 00:00:00,1995-01-11 02:22:00,Earth,10.969252018199999,39489.307265563904,Near Earth asteroid orbits similar to that of 2062 Aten,3520662,(2010 JR34),658.1551210927317
0,44.1118199997,98.6370281305,1995-01-11 00:00:00,1995-01-11 17:29:00,Earth,22.4420465229,80791.3674822838,Near Earth asteroid orbits which cross the Earth’s orbit similar to that of 1862 Apollo,3703538,(2015 AA44),1346.5227913713966
0,11.6025908209,25.9441817907,1995-01-11 00:00:00,1995-01-11 07:40:00,Earth,27.9092028908,100473.1304067126,Near Earth asteroid orbits similar to that of 1221 Amor,3740931,(2016 BA15),1674.55217344521
0,461.90746028160004,1032.8564805039,1995-01-11 00:00:00,1995-01-11 20:09:00,Earth,25.5080689974,91829.04839060221,Near Earth asteroid orbits which cross the Earth’s orbit similar to that of 1862 Apollo,3643994,(2013 LV28),1530.4841398433703
1,305.1792325939,682.4015094011,1995-01-11 00:00:00,1995-01-11 10:29:00,Earth,12.226840966800001,44016.627480483214,An asteroid orbit contained entirely within the orbit of the Eart,2250680,250680 (2005 QC5),733.6104580080536
1,127.2198785394,284.4722965033,1995-01-11 00:00:00,1995-01-11 04:16:00,Earth,7.7685401427,27966.7445137333,An asteroid orbit contained entirely within the orbit of the Eart,3170204,(2003 YS17),466.1124085622217
0,121.49404079959999,271.6689340891,1995-01-11 00:00:00,1995-01-11 16:14:00,Earth,18.0991616726,65156.982021350304,An asteroid orbit contained entirely within the orbit of the Eart,3401191,(2008 BP16),1085.9497003558383
0,19.2555078188,43.0566244241,1995-01-11 00:00:00,1995-01-11 12:22:00,Earth,11.9321657219,42955.796598811896,An asteroid orbit contained entirely within the orbit of the Eart,3655395,(2013 YM2),715.9299433135316
1,116.0259082094,259.44181790740004,1995-01-11 00:00:00,1995-01-11 03:22:00,Earth,14.257165835699999,51325.7970085319,Near Earth asteroid orbits similar to that of 1221 Amor,3893736,(2019 WD5),855.4299501421984
0,101.054341542,225.96437710939998,1995-01-18 00:00:00,1995-01-18 08:12:00,Earth,28.582422243499998,102896.7200765568,An asteroid orbit contained entirely within the orbit of the Eart,3837639,(2019 AT3),1714.94533460928
0,506.4714588346,1132.5046106177,1995-01-18 00:00:00,1995-01-18 14:42:00,Earth,16.488846336800002,59359.846812488606,An asteroid orbit contained entirely within the orbit of the Eart,3753133,(2016 JU24),989.3307802081434
0,73.20739893470001,163.696720474,1995-01-18 00:00:00,1995-01-18 02:30:00,Earth,26.2464317638,94487.15434969553,An asteroid orbit contained entirely within the orbit of the Eart,3837525,(2018 YK2),1574.7859058282588
0,127.2198785394,284.4722965033,1995-01-18 00:00:00,1995-01-18 05:14:00,Earth,11.965228401700001,43074.822245973504,Near Earth asteroid orbits similar to that of 2062 Aten,3797900,(2018 BJ5),717.9137040995585
0,6.3760978988,14.2573883328,1995-01-18 00:00:00,1995-01-18 04:54:00,Earth,16.053151815899998,57791.34653714349,Near Earth asteroid orbits similar to that of 1221 Amor,3704767,(2015 BE92),963.1891089523914
0,36.6906137531,82.0427064882,1995-01-18 00:00:00,1995-01-18 00:18:00,Earth,15.980210135999998,57528.7564894243,An asteroid orbit contained entirely within the orbit of the Eart,3797753,(2018 BV1),958.8126081570716
0,69.9125232246,156.32915440870002,1995-01-18 00:00:00,1995-01-18 09:17:00,Earth,8.8286222565,31783.0401233568,An asteroid orbit contained entirely within the orbit of the Eart,3836878,(2018 XP3),529.71733538928
0,80.2703167283,179.48988477990002,1995-01-18 00:00:00,1995-01-18 10:33:00,Earth,13.299028135999999,47876.501289704414,An asteroid orbit contained entirely within the orbit of the Eart,3748182,(2016 FJ3),797.9416881617402
1,667.6594134951999,1492.931834393,1995-01-19 00:00:00,1995-01-19 21:55:00,Earth,13.6305303871,49069.909393474,Near Earth asteroid orbits which cross the Earth’s orbit similar to that of 1862 Apollo,2443103,443103 (2013 WT67),817.8318232245667
0,121.49404079959999,271.6689340891,1995-01-19 00:00:00,1995-01-19 16:36:00,Earth,26.234969737800004,94445.8910559763,Near Earth asteroid orbits which cross the Earth’s orbit similar to that of 1862 Apollo,3283218,(2005 MF5),1574.0981842662718
0,40.2304579834,89.9580388169,1995-01-16 00:00:00,1995-01-16 14:33:00,Earth,18.6159784305,67017.5223496646,Near Earth asteroid orbits similar to that of 1221 Amor,3625335,(2013 BC70),1116.9587058277434
1,242.41248110080002,542.0507863358,1995-01-16 00:00:00,1995-01-16 06:35:00,Earth,15.9597865749,57455.2316697415,Near Earth asteroid orbits similar to that of 2062 Aten,2002340,2340 Hathor (1976 UA),957.5871944956917
0,16.8249962697,37.6218353801,1995-01-16 00:00:00,1995-01-16 21:06:00,Earth,9.1421510542,32911.743795120696,An asteroid orbit contained entirely within the orbit of the Eart,54016993,(2020 JG1),548.5290632520116
0,40.2304579834,89.9580388169,1995-01-17 00:00:00,1995-01-17 02:46:00,Earth,12.991336316500002,46768.8107394954,Near Earth asteroid orbits similar to that of 1221 Amor,3102762,(2002 AA29),779.4801789915899
0,19.2555078188,43.0566244241,1995-01-17 00:00:00,1995-01-17 15:08:00,Earth,17.234431581099994,62043.9536918491,Near Earth asteroid orbits similar to that of 1221 Amor,3956448,(2019 YP3),1034.0658948641517
0,483.67648821849997,1081.533506775,1995-01-21 00:00:00,1995-01-21 07:55:00,Earth,14.0998903803,50759.60536915741,Near Earth asteroid orbits similar to that of 1221 Amor,2373579,373579 (2002 AW11),845.9934228192902
0,36.6906137531,82.0427064882,1995-01-21 00:00:00,1995-01-21 02:21:00,Earth,7.532718152,27117.785347305202,Near Earth asteroid orbits similar to that of 1221 Amor,3843085,(2019 NG),451.96308912175334
0,319.5618867213,714.5621017269,1995-01-22 00:00:00,1995-01-22 07:32:00,Earth,16.8844014801,60783.84532847409,An asteroid orbit contained entirely within the orbit of the Eart,3788091,(2017 UR7),1013.0640888079015
1,221.0828103591,494.3561926196,1995-01-22 00:00:00,1995-01-22 05:14:00,Earth,11.6741465305,42026.9275099544,Near Earth asteroid orbits similar to that of 1221 Amor,3794988,(2017 YZ1),700.4487918325734
0,319.5618867213,714.5621017269,1995-01-22 00:00:00,1995-01-22 15:17:00,Earth,24.4218373587,87918.6144913344,Near Earth asteroid orbits similar to that of 1221 Amor,2153315,153315 (2001 NH6),1465.31024152224
0,766.5755735311,1714.1150923063,1995-01-22 00:00:00,1995-01-22 13:06:00,Earth,17.373784261300006,62545.62334056231,Near Earth asteroid orbits similar to that of 1221 Amor,2162463,162463 (2000 JH5),1042.4270556760387
0,88.0146520901,196.80674508939998,1995-01-22 00:00:00,1995-01-22 12:17:00,Earth,22.3739049599,80546.05785574121,Near Earth asteroid orbits similar to that of 2062 Aten,3444370,(2009 BH2),1342.4342975956868
0,18.388867207,41.1187571041,1995-01-22 00:00:00,1995-01-22 06:33:00,Earth,17.2746114639,62188.6012700346,Near Earth asteroid orbits similar to that of 2062 Aten,3448992,(2009 DD45),1036.4766878339099
0,26.58,59.434686841899996,1995-01-22 00:00:00,1995-01-22 14:04:00,Earth,12.1185099373,43626.6357742159,An asteroid orbit contained entirely within the orbit of the Eart,3611400,(2012 UC),727.1105962369317
0,42.1264610556,94.1976305719,1995-01-20 00:00:00,1995-01-20 09:54:00,Earth,10.4078371003,37468.2135612528,An asteroid orbit contained entirely within the orbit of the Eart,3264189,(2004 YD),624.47022602088
0,53.0340723319,118.5877908577,1995-01-20 00:00:00,1995-01-20 12:48:00,Earth,15.259069392,54932.6498111989,Near Earth asteroid orbits similar to that of 1221 Amor,3740496,(2016 AG193),915.5441635199817
0,44.1118199997,98.6370281305,1995-01-20 00:00:00,1995-01-20 12:44:00,Earth,7.5241225943,27086.841339452596,Near Earth asteroid orbits which cross the Earth’s orbit similar to that of 1862 Apollo,3702918,(2014 YC9),451.44735565754326
0,80.2703167283,179.48988477990002,1995-01-29 00:00:00,1995-01-29 04:02:00,Earth,14.8737367384,53545.4522582771,Near Earth asteroid orbits similar to that of 2062 Aten,3092134,(1995 BK2),892.4242043046183
1,1160.2590820944001,2594.4181790745,1995-01-29 00:00:00,1995-01-29 11:20:00,Earth,26.152266264,94148.1585503345,Near Earth asteroid orbits similar to that of 1221 Amor,2103067,103067 (1999 XA143),1569.1359758389083
0,21.113244479000002,47.2106498806,1995-01-29 00:00:00,1995-01-29 19:16:00,Earth,4.705200179599999,16938.7206464335,Near Earth asteroid orbits similar to that of 2062 Aten,3802063,(2018 FV3),282.31201077389164
0,11.6025908209,25.9441817907,1995-01-29 00:00:00,1995-01-29 05:15:00,Earth,18.156127252,65362.0581071525,Near Earth asteroid orbits which cross the Earth’s orbit similar to that of 1862 Apollo,3769817,(2017 DU34),1089.3676351192084
0,253.8370293645,567.5968528656,1995-01-27 00:00:00,1995-01-27 14:04:00,Earth,14.1607747201,50978.788992531394,An asteroid orbit contained entirely within the orbit of the Eart,2396793,396793 (2004 JN2),849.6464832088566
1,183.88867207029998,411.1875710413,1995-01-27 00:00:00,1995-01-27 02:48:00,Earth,29.4113861383,105880.9900977965,An asteroid orbit contained entirely within the orbit of the Eart,3556968,(2011 CT4),1764.6831682966083
0,31.9561886721,71.45621017270001,1995-01-27 00:00:00,1995-01-27 09:45:00,Earth,9.2549534024,33317.8322487111,Near Earth asteroid orbits similar to that of 1221 Amor,3768617,(2017 CP1),555.297204145185
0,12.721987853900002,28.447229650300002,1995-01-27 00:00:00,1995-01-27 15:41:00,Earth,4.2327906836,15238.0464608016,Near Earth asteroid orbits which cross the Earth’s orbit similar to that of 1862 Apollo,3451792,(2009 FH),253.96744101335997
0,12.721987853900002,28.447229650300002,1995-01-27 00:00:00,1995-01-27 23:26:00,Earth,8.599442511900001,30957.9930428901,Near Earth asteroid orbits similar to that of 1221 Amor,3831167,(2018 TC),515.966550714835
0,2.2108281036,4.9435619262,1995-01-27 00:00:00,1995-01-27 20:51:00,Earth,7.3642513415,26511.3048293448,Near Earth asteroid orbits similar to that of 1221 Amor,3879275,(2019 UU1),441.85508048908
0,231.5021222103,517.6544821978,1995-01-28 00:00:00,1995-01-28 17:57:00,Earth,20.74106128,74667.8206079143,Near Earth asteroid orbits similar to that of 2062 Aten,2393569,393569 (2003 JC13),1244.4636767985717
0,16.0160337979,35.8129403019,1995-01-28 00:00:00,1995-01-28 19:37:00,Earth,3.6647219389999997,13192.9989804473,Near Earth asteroid orbits similar to that of 1221 Amor,3788891,(2017 UA45),219.88331634078835
0,350.3926411083001,783.5017643338,1995-01-28 00:00:00,1995-01-28 07:14:00,Earth,15.966012128800001,57477.6436636246,Near Earth asteroid orbits similar to that of 1221 Amor,3763424,(2016 VG2),957.9607277270767
0,2914.4390453486,6516.883821679,1995-01-25 00:00:00,1995-01-25 22:34:00,Earth,8.6774492303,31238.8172290412,Near Earth asteroid orbits similar to that of 1221 Amor,2005751,5751 Zao (1992 AC),520.6469538173534
0,92.1626548503,206.08196123209999,1995-01-25 00:00:00,1995-01-25 07:46:00,Earth,6.351777194199999,22866.3978992155,Near Earth asteroid orbits which cross the Earth’s orbit similar to that of 1862 Apollo,3689345,(2014 SW141),381.10663165359165
1,211.1324447897,472.10649880550005,1995-01-25 00:00:00,1995-01-25 07:48:00,Earth,17.835547118399997,64207.969626172315,Near Earth asteroid orbits similar to that of 2062 Aten,3797849,(2018 BY2),1070.132827102872
1,667.6594134951999,1492.931834393,1995-01-25 00:00:00,1995-01-25 12:14:00,Earth,17.2838534152,62221.8722947351,Near Earth asteroid orbits similar to that of 1221 Amor,3724644,(2015 OL35),1037.0312049122517
0,96.50614695790001,215.7943048444,1995-01-25 00:00:00,1995-01-25 16:01:00,Earth,19.4399963922,69983.98701182389,Near Earth asteroid orbits which cross the Earth’s orbit similar to that of 1862 Apollo,3837955,(2019 BA1),1166.3997835303983
0,121.49404079959999,271.6689340891,1995-01-25 00:00:00,1995-01-25 18:52:00,Earth,26.039129705700002,93740.86694038099,An asteroid orbit contained entirely within the orbit of the Eart,3365921,(2007 AM),1562.3477823396831
0,80.2703167283,179.48988477990002,1995-01-25 00:00:00,1995-01-25 14:50:00,Earth,18.068443554,65046.3967943636,Near Earth asteroid orbits which cross the Earth’s orbit similar to that of 1862 Apollo,3703539,(2015 AB44),1084.1066132393933
0,27.8326768072,62.2357573367,1995-01-25 00:00:00,1995-01-25 02:57:00,Earth,12.9327582532,46557.9297115466,Near Earth asteroid orbits similar to that of 1221 Amor,3715092,(2015 FW284),775.9654951924434
0,15.295193534400001,34.201092472,1995-01-25 00:00:00,1995-01-25 12:26:00,Earth,6.4970772547000015,23389.478117065897,Near Earth asteroid orbits similar to that of 1221 Amor,3827172,(2018 RC1),389.8246352844316
1,211.1324447897,472.10649880550005,1995-01-26 00:00:00,1995-01-26 20:40:00,Earth,18.5649767737,66833.91638525629,Near Earth asteroid orbits which cross the Earth’s orbit similar to that of 1862 Apollo,2496816,496816 (1989 UP),1113.8986064209382
1,183.88867207029998,411.1875710413,1995-01-26 00:00:00,1995-01-26 08:00:00,Earth,18.5649764223,66833.9151204118,Near Earth asteroid orbits similar to that of 2062 Aten,3001825,(1989 UP),1113.8985853401966
1,278.3267680719,622.3575733667,1995-01-26 00:00:00,1995-01-26 08:00:00,Earth,36.9271608962,132937.77922643948,Near Earth asteroid orbits similar to that of 1221 Amor,3019640,(1999 JE1),2215.6296537739913
0,73.20739893470001,163.696720474,1995-01-26 00:00:00,1995-01-26 08:35:00,Earth,10.3152870051,37135.0332183913,An asteroid orbit contained entirely within the orbit of the Eart,3555677,(2011 BX11),618.9172203065216
1,221.0828103591,494.3561926196,1995-01-26 00:00:00,1995-01-26 07:08:00,Earth,28.911697302100002,104082.1102876284,Near Earth asteroid orbits similar to that of 2062 Aten,3591721,(2011 YH28),1734.70183812714
0,96.50614695790001,215.7943048444,1995-01-26 00:00:00,1995-01-26 13:13:00,Earth,12.4523583777,44828.490159598,Near Earth asteroid orbits which cross the Earth’s orbit similar to that of 1862 Apollo,3727630,(2015 RE83),747.1415026599666
1,183.88867207029998,411.1875710413,1995-01-26 00:00:00,1995-01-26 07:49:00,Earth,7.1673309964,25802.391586923306,Near Earth asteroid orbits which cross the Earth’s orbit similar to that of 1862 Apollo,2162922,162922 (2001 OY13),430.0398597820551
1,291.4439045349,651.6883821679,1995-01-26 00:00:00,1995-01-26 09:25:00,Earth,36.927161061199996,132937.7798204377,Near Earth asteroid orbits similar to that of 1221 Amor,2508774,508774 (1999 JE1),2215.6296636739617
0,127.2198785394,284.4722965033,1995-01-26 00:00:00,1995-01-26 13:44:00,Earth,16.1281080333,58061.1889197817,Near Earth asteroid orbits similar to that of 2062 Aten,3742340,(2016 CJ136),967.6864819963616
0,175.6123184804,392.6810818086,1995-01-26 00:00:00,1995-01-26 16:31:00,Earth,34.1722014834,123019.925340191,Near Earth asteroid orbits similar to that of 1221 Amor,3759745,(2016 SN2),2050.3320890031832
1,167.7084621628,375.00752179809996,1995-01-23 00:00:00,1995-01-23 23:34:00,Earth,17.416051560499998,62697.7856179688,An asteroid orbit contained entirely within the orbit of the Eart,3638237,(2013 JN7),1044.9630936328133
1,291.4439045349,651.6883821679,1995-01-23 00:00:00,1995-01-23 14:46:00,Earth,15.444246252300001,55599.2865082174,Near Earth asteroid orbits similar to that of 1221 Amor,3726014,(2015 PR228),926.6547751369567
0,732.0739893473,1636.96720474,1995-01-23 00:00:00,1995-01-23 16:07:00,Earth,13.4515927281,48425.733820994414,Near Earth asteroid orbits similar to that of 1221 Amor,2340666,340666 (2006 RO36),807.0955636832402
0,1394.9382293439,3119.1767052261,1995-01-23 00:00:00,1995-01-23 12:39:00,Earth,18.3184771336,65946.5176808448,Near Earth asteroid orbits similar to that of 1221 Amor,2418265,418265 (2008 EA32),1099.10862801408
0,253.8370293645,567.5968528656,1995-01-23 00:00:00,1995-01-23 11:52:00,Earth,10.2254751657,36811.7105963641,Near Earth asteroid orbits which cross the Earth’s orbit similar to that of 1862 Apollo,3378868,(2007 ML13),613.5285099394017
0,84.0146411251,187.86244866099997,1995-01-23 00:00:00,1995-01-23 03:55:00,Earth,26.7410738185,96267.86574642973,Near Earth asteroid orbits similar to that of 1221 Amor,3989181,(2020 BA8),1604.4644291071622
0,66.7659413495,149.2931834393,1995-01-24 00:00:00,1995-01-24 15:42:00,Earth,10.1853480584,36667.2530102342,Near Earth asteroid orbits similar to that of 2062 Aten,3092136,(1995 DV1),611.1208835039033
0,183.88867207029998,411.1875710413,1995-01-24 00:00:00,1995-01-24 07:49:00,Earth,4.5464176773,16367.1036381088,Near Earth asteroid orbits similar to that of 1221 Amor,3837908,(2019 AN13),272.78506063514664
1,319.5618867213,714.5621017269,1995-01-24 00:00:00,1995-01-24 08:00:00,Earth,29.097574657600003,104751.2687672923,An asteroid orbit contained entirely within the orbit of the Eart,3520755,(2010 JU39),1745.8544794548718
1,305.1792325939,682.4015094011,1995-01-24 00:00:00,1995-01-24 17:53:00,Earth,29.0975653046,104751.2350965809,Near Earth asteroid orbits similar to that of 1221 Amor,2494999,494999 (2010 JU39),1745.8539182763484
0,6.0891262211,13.6157001539,1995-01-24 00:00:00,1995-01-24 13:27:00,Earth,6.9725764248000015,25101.2751293536,Near Earth asteroid orbits which cross the Earth’s orbit similar to that of 1862 Apollo,3759724,(2016 SA2),418.3545854892266
0,9.6506146958,21.5794304844,1995-01-24 00:00:00,1995-01-24 06:11:00,Earth,20.4060831379,73461.8992964429,Near Earth asteroid orbits similar to that of 2062 Aten,3767264,(2017 BS32),1224.3649882740485
0,33.4622374455,74.8238376074,1995-01-24 00:00:00,1995-01-24 12:33:00,Earth,19.6716930299,70818.0949077268,An asteroid orbit contained entirely within the orbit of the Eart,3484929,(2010 AJ3),1180.3015817954467
1,160.1603379786,358.1294030194,1995-01-24 00:00:00,1995-01-24 21:15:00,Earth,23.8683562881,85926.08263726441,Near Earth asteroid orbits which cross the Earth’s orbit similar to that of 1862 Apollo,3365986,(2007 AV2),1432.1013772877402
0,44.1118199997,98.6370281305,1995-02-04 00:00:00,1995-02-04 09:06:00,Earth,13.3177213241,47943.7967668918,Near Earth asteroid orbits similar to that of 1221 Amor,3405174,(2008 ED8),799.0632794481967
0,60.891262210600004,136.1570015386,1995-02-04 00:00:00,1995-02-04 00:37:00,Earth,9.3593034274,33693.4923385536,Near Earth asteroid orbits which cross the Earth’s orbit similar to that of 1862 Apollo,3792431,(2017 XT61),561.55820564256
0,253.8370293645,567.5968528656,1995-02-05 00:00:00,1995-02-05 10:31:00,Earth,11.657770373,41967.973342669,An asteroid orbit contained entirely within the orbit of the Eart,3511508,(2010 CW180),699.4662223778166
0,461.90746028160004,1032.8564805039,1995-02-05 00:00:00,1995-02-05 18:17:00,Earth,15.8578599967,57088.2959882395,Near Earth asteroid orbits similar to that of 2062 Aten,3781883,(2017 SN14),951.4715998039917
0,305.1792325939,682.4015094011,1995-02-05 00:00:00,1995-02-05 12:05:00,Earth,6.0784978136,21882.5921288516,An asteroid orbit contained entirely within the orbit of the Eart,2403039,403039 (2008 AE),364.7098688141933
0,201.62991944279997,450.8582061718,1995-02-05 00:00:00,1995-02-05 15:28:00,Earth,18.8874457375,67994.8046550187,Near Earth asteroid orbits similar to that of 2062 Aten,2417210,417210 (2005 XV77),1133.2467442503116
0,63.7609789875,142.57388332809998,1995-02-05 00:00:00,1995-02-05 12:55:00,Earth,21.7872877584,78434.2359302324,Near Earth asteroid orbits which cross the Earth’s orbit similar to that of 1862 Apollo,3309092,(2005 YR3),1307.2372655038735
0,69.9125232246,156.32915440870002,1995-02-05 00:00:00,1995-02-05 02:52:00,Earth,17.3712451557,62536.482560568606,Near Earth asteroid orbits similar to that of 2062 Aten,3428255,(2008 SD85),1042.2747093428102
0,11.080388212599999,24.7765012606,1995-02-02 00:00:00,1995-02-02 02:23:00,Earth,13.484209762599999,48543.155145414414,Near Earth asteroid orbits similar to that of 1221 Amor,3660383,(2014 CE),809.0525857569069
0,21.113244479000002,47.2106498806,1995-02-02 00:00:00,1995-02-02 11:20:00,Earth,24.8346391163,89404.7008187466,Near Earth asteroid orbits similar to that of 2062 Aten,3092135,(1995 CS),1490.07834697911
0,66.7659413495,149.2931834393,1995-02-02 00:00:00,1995-02-02 14:24:00,Earth,8.3904973465,30205.790447289302,An asteroid orbit contained entirely within the orbit of the Eart,3437805,(2008 VR4),503.42984078815505
1,133.2155666981,297.8790627982,1995-02-02 00:00:00,1995-02-02 23:49:00,Earth,14.6181287101,52625.2633562682,Near Earth asteroid orbits similar to that of 1221 Amor,3730580,(2015 TY237),877.0877226044701
0,31.9561886721,71.45621017270001,1995-02-03 00:00:00,1995-02-03 18:26:00,Earth,6.7460042913,24285.6154486303,An asteroid orbit contained entirely within the orbit of the Eart,3703542,(2015 AE44),404.76025747717165
0,35.0392641108,78.35017643340001,1995-02-03 00:00:00,1995-02-03 09:21:00,Earth,6.6223534637,23840.472469422002,Near Earth asteroid orbits similar to that of 1221 Amor,3780765,(2017 QB2),397.3412078237
0,7.3207398935,16.3696720474,1995-02-03 00:00:00,1995-02-03 07:52:00,Earth,25.7737656571,92785.55636570939,Near Earth asteroid orbits similar to that of 1221 Amor,3708364,(2015 BP509),1546.4259394284898
0,127.2198785394,284.4722965033,1995-02-03 00:00:00,1995-02-03 06:12:00,Earth,17.0563194182,61402.7499056338,An asteroid orbit contained entirely within the orbit of the Eart,3843842,(2019 RL3),1023.3791650938966
1,192.55507818790002,430.566244241,1995-02-01 00:00:00,1995-02-01 00:09:00,Earth,40.5274283635,145898.7421084301,Near Earth asteroid orbits similar to that of 1221 Amor,2455176,455176 (1999 VF22),2431.6457018071683
0,17.561231848,39.2681081809,1995-02-01 00:00:00,1995-02-01 17:06:00,Earth,18.6971068429,67309.5846344717,Near Earth asteroid orbits similar to that of 2062 Aten,3472700,(2009 UZ87),1121.8264105745284
1,192.55507818790002,430.566244241,1995-02-01 00:00:00,1995-02-01 22:56:00,Earth,35.0340043592,126122.4156930422,Near Earth asteroid orbits similar to that of 2062 Aten,3767325,(2017 BK92),2102.0402615507032
0,8.801465209,19.6806745089,1995-02-01 00:00:00,1995-02-01 14:41:00,Earth,16.5295257061,59506.292541920804,Near Earth asteroid orbits similar to that of 2062 Aten,3840753,(2019 FY2),991.7715423653467
0,31.9561886721,71.45621017270001,1995-02-01 00:00:00,1995-02-01 08:18:00,Earth,9.3495624665,33658.424879427796,Near Earth asteroid orbits which cross the Earth’s orbit similar to that of 1862 Apollo,3825584,(2018 NR1),560.9737479904633
0,127.2198785394,284.4722965033,1995-02-01 00:00:00,1995-02-01 21:07:00,Earth,7.7078305278,27748.189900122798,Near Earth asteroid orbits which cross the Earth’s orbit similar to that of 1862 Apollo,3780805,(2017 QN16),462.4698316687133
0,350.3926411083001,783.5017643338,1995-01-30 00:00:00,1995-01-30 02:20:00,Earth,15.7296446272,56626.720657917096,Near Earth asteroid orbits which cross the Earth’s orbit similar to that of 1862 Apollo,2387648,387648 (2002 RT25),943.7786776319516
0,63.7609789875,142.57388332809998,1995-01-30 00:00:00,1995-01-30 14:57:00,Earth,15.9653601056,57475.2963802219,An asteroid orbit contained entirely within the orbit of the Eart,3797908,(2018 BK5),957.9216063370317
0,18.388867207,41.1187571041,1995-01-30 00:00:00,1995-01-30 21:09:00,Earth,5.2075876342,18747.3154832336,An asteroid orbit contained entirely within the orbit of the Eart,3775044,(2017 KP27),312.4552580538933
1,175.6123184804,392.6810818086,1995-01-31 00:00:00,1995-01-31 08:00:00,Earth,6.412940484400001,23086.5857437658,Near Earth asteroid orbits which cross the Earth’s orbit similar to that of 1862 Apollo,3170203,(2003 YX1),384.7764290627634
0,27.8326768072,62.2357573367,1995-01-31 00:00:00,1995-01-31 01:33:00,Earth,9.923215131000001,35723.574471602595,Near Earth asteroid orbits which cross the Earth’s orbit similar to that of 1862 Apollo,3368734,(2007 DH8),595.3929078600432
0,10.581688593300001,23.661375011399997,1995-01-31 00:00:00,1995-01-31 16:12:00,Earth,16.4781785233,59321.442684018606,Near Earth asteroid orbits similar to that of 1221 Amor,3752779,(2016 JZ5),988.6907114003101
1,175.6123184804,392.6810818086,1995-01-31 00:00:00,1995-01-31 23:05:00,Earth,6.412940480700001,23086.5857304812,Near Earth asteroid orbits similar to that of 2062 Aten,2508908,508908 (2003 YX1),384.7764288413534
0,30.5179232594,68.24015094010001,1995-01-31 00:00:00,1995-01-31 12:08:00,Earth,4.2343745681,15243.7484451027,Near Earth asteroid orbits which cross the Earth’s orbit similar to that of 1862 Apollo,3278402,(2005 KA),254.06247408504498
0,44.1118199997,98.6370281305,1995-01-31 00:00:00,1995-01-31 12:52:00,Earth,3.7577068851999997,13527.744786608899,An asteroid orbit contained entirely within the orbit of the Eart,3323934,(2006 DX),225.4624131101483
0,122.787731711,274.5617149089,1995-01-31 00:00:00,1995-01-31 15:19:00,Earth,22.4430609927,80795.0195737844,Near Earth asteroid orbits similar to that of 1221 Amor,3989251,(2020 BA11),1346.5836595630733
0,76.410840459,170.8598334843,1995-01-31 00:00:00,1995-01-31 16:13:00,Earth,13.986723834200001,50352.2058030358,Near Earth asteroid orbits similar to that of 1221 Amor,3989211,(2020 BL9),839.2034300505967
0,461.90746028160004,1032.8564805039,1995-02-08 00:00:00,1995-02-08 12:55:00,Earth,39.6053279147,142579.1804929074,Near Earth asteroid orbits similar to that of 2062 Aten,3446396,(2009 CT5),2376.3196748817904
0,24.241248110100003,54.205078633599996,1995-02-08 00:00:00,1995-02-08 20:23:00,Earth,25.2112885871,90760.63891343359,Near Earth asteroid orbits similar to that of 2062 Aten,3764806,(2016 WU7),1512.6773152238932
0,201.62991944279997,450.8582061718,1995-02-08 00:00:00,1995-02-08 11:01:00,Earth,16.3037277839,58693.4200219309,Near Earth asteroid orbits which cross the Earth’s orbit similar to that of 1862 Apollo,3837976,(2019 BR1),978.2236670321817
1,242.41248110080002,542.0507863358,1995-02-09 00:00:00,1995-02-09 01:19:00,Earth,14.9377142983,53775.77147386701,Near Earth asteroid orbits which cross the Earth’s orbit similar to that of 1862 Apollo,3381448,(2007 PV27),896.2628578977835
0,5.3034072332,11.858779085799998,1995-02-09 00:00:00,1995-02-09 22:14:00,Earth,6.2443682031,22479.7255313062,Near Earth asteroid orbits which cross the Earth’s orbit similar to that of 1862 Apollo,3550089,(2010 UY7),374.6620921884367
0,183.88867207029998,411.1875710413,1995-02-09 00:00:00,1995-02-09 16:32:00,Earth,13.2817427849,47814.2740256807,Near Earth asteroid orbits similar to that of 2062 Aten,3309829,(2005 YL128),796.9045670946783
0,16.0160337979,35.8129403019,1995-02-09 00:00:00,1995-02-09 15:11:00,Earth,24.8346139002,89404.6100407693,Near Earth asteroid orbits which cross the Earth’s orbit similar to that of 1862 Apollo,3837987,(2019 BO2),1490.0768340128218
0,48.3676488219,108.1533506775,1995-02-06 00:00:00,1995-02-06 16:14:00,Earth,7.5248159935,27089.337576743706,Near Earth asteroid orbits similar to that of 1221 Amor,3560054,(2011 FK1),451.4889596123951
0,46.190746028199996,103.28564805040001,1995-02-06 00:00:00,1995-02-06 18:54:00,Earth,21.7373225662,78254.3612381832,Near Earth asteroid orbits similar to that of 1221 Amor,3684006,(2014 QV296),1304.23935396972
1,350.3926411083001,783.5017643338,1995-02-06 00:00:00,1995-02-06 00:09:00,Earth,16.1419653325,58111.0751970367,An asteroid orbit contained entirely within the orbit of the Eart,2413260,413260 (2003 TL4),968.5179199506116
0,3.0517923258999997,6.824015094,1995-02-06 00:00:00,1995-02-06 23:53:00,Earth,6.566659705399999,23639.974939438198,Near Earth asteroid orbits similar to that of 1221 Amor,3831614,(2018 TM3),393.99958232396995
0,48.3676488219,108.1533506775,1995-02-07 00:00:00,1995-02-07 19:37:00,Earth,2.6374923873,9494.972594310699,An asteroid orbit contained entirely within the orbit of the Eart,3438964,(2008 VA15),158.24954323851165
1,139.49382293440001,311.91767052259996,1995-02-07 00:00:00,1995-02-07 05:16:00,Earth,32.12017274,115632.6218639942,Near Earth asteroid orbits similar to that of 1221 Amor,3838082,(2019 BF5),1927.2103643999033
1,221.0828103591,494.3561926196,1995-02-07 00:00:00,1995-02-07 11:13:00,Earth,16.1459712276,58125.49641945071,Near Earth asteroid orbits similar to that of 2062 Aten,3422140,(2008 OS7),968.7582736575118
0,253.8370293645,567.5968528656,1995-02-07 00:00:00,1995-02-07 10:10:00,Earth,30.1020291698,108367.30501134801,Near Earth asteroid orbits similar to that of 1221 Amor,3507181,(2010 CT),1806.1217501891335
0,105.8168859331,236.61375011380002,1995-02-07 00:00:00,1995-02-07 06:22:00,Earth,5.2364151536,18851.094553111398,Near Earth asteroid orbits similar to that of 1221 Amor,3724111,(2015 NA14),314.1849092185233
0,253.8370293645,567.5968528656,1995-02-11 00:00:00,1995-02-11 13:15:00,Earth,10.4274035158,37538.6526569696,Near Earth asteroid orbits similar to that of 2062 Aten,3398650,(2007 YO56),625.6442109494933
1,201.62991944279997,450.8582061718,1995-02-11 00:00:00,1995-02-11 08:00:00,Earth,29.681640603,106853.9061708626,Near Earth asteroid orbits similar to that of 2062 Aten,3734189,(2015 VO66),1780.8984361810433
1,211.1324447897,472.10649880550005,1995-02-11 00:00:00,1995-02-11 19:34:00,Earth,29.6821345454,106855.6843635937,Near Earth asteroid orbits similar to that of 2062 Aten,2512234,512234 (2015 VO66),1780.9280727265616
0,18.388867207,41.1187571041,1995-02-11 00:00:00,1995-02-11 09:56:00,Earth,23.8783896507,85962.20274257,Near Earth asteroid orbits which cross the Earth’s orbit similar to that of 1862 Apollo,3829436,(2018 RB6),1432.7033790428334
0,8.4053340207,18.7948982439,1995-02-11 00:00:00,1995-02-11 05:36:00,Earth,10.5302108604,37908.7590974166,Near Earth asteroid orbits which cross the Earth’s orbit similar to that of 1862 Apollo,3838779,(2019 CQ5),631.81265162361
0,101.054341542,225.96437710939998,1995-02-12 00:00:00,1995-02-12 05:03:00,Earth,13.9092558468,50073.321048304,An asteroid orbit contained entirely within the orbit of the Eart,3781463,(2017 RV15),834.5553508050667
0,40.2304579834,89.9580388169,1995-02-12 00:00:00,1995-02-12 22:12:00,Earth,15.4199862136,55511.950368895195,An asteroid orbit contained entirely within the orbit of the Eart,3182823,(2004 KG1),925.19917281492
0,13.9493822934,31.1917670523,1995-02-10 00:00:00,1995-02-10 07:44:00,Earth,23.136652317800003,83291.9483439346,Near Earth asteroid orbits similar to that of 1221 Amor,3798998,(2018 CH),1388.1991390655764
1,253.8370293645,567.5968528656,1995-02-10 00:00:00,1995-02-10 18:12:00,Earth,18.8377199661,67815.791878,An asteroid orbit contained entirely within the orbit of the Eart,2154275,154275 (2002 SR41),1130.2631979666667
0,48.3676488219,108.1533506775,1995-02-10 00:00:00,1995-02-10 19:38:00,Earth,7.2711243501,26176.0476603888,Near Earth asteroid orbits which cross the Earth’s orbit similar to that of 1862 Apollo,3289746,(2005 RK3),436.26746100647995
0,18.388867207,41.1187571041,1995-02-19 00:00:00,1995-02-19 20:34:00,Earth,16.549422586,59577.921309590994,An asteroid orbit contained entirely within the orbit of the Eart,3770329,(2017 EM),992.9653551598499
0,10.1054341542,22.596437710900002,1995-02-19 00:00:00,1995-02-19 17:47:00,Earth,2.8293700894,10185.7323219304,Near Earth asteroid orbits similar to that of 1221 Amor,3799712,(2018 DT),169.76220536550667
0,101.054341542,225.96437710939998,1995-02-19 00:00:00,1995-02-19 14:41:00,Earth,28.5520254067,102787.2914641726,Near Earth asteroid orbits which cross the Earth’s orbit similar to that of 1862 Apollo,3557485,(2011 CX46),1713.1215244028765
0,555.334911581,1241.766612574,1995-02-17 00:00:00,1995-02-17 03:09:00,Earth,15.6006738164,56162.425739075996,Near Earth asteroid orbits similar to that of 2062 Aten,2275792,275792 (2001 QH142),936.0404289845999
1,305.1792325939,682.4015094011,1995-02-17 00:00:00,1995-02-17 21:03:00,Earth,19.7511350029,71104.0860104116,Near Earth asteroid orbits similar to that of 2062 Aten,3422250,(2008 OP8),1185.0681001735268
0,12.721987853900002,28.447229650300002,1995-02-17 00:00:00,1995-02-17 08:54:00,Earth,2.3445187289,8440.2674240647,Near Earth asteroid orbits similar to that of 2062 Aten,3648878,(2013 TG6),140.67112373441165
0,127.2198785394,284.4722965033,1995-02-17 00:00:00,1995-02-17 13:41:00,Earth,9.9943074343,35979.5067635619,Near Earth asteroid orbits similar to that of 2062 Aten,3773659,(2017 FQ128),599.658446059365
0,637.6097898754,1425.7388332807,1995-02-17 00:00:00,1995-02-17 19:57:00,Earth,17.4552791428,62839.0049140109,Near Earth asteroid orbits similar to that of 1221 Amor,2085953,85953 (1999 FK21),1047.3167485668482
0,146.0679642714,326.6178974458,1995-02-17 00:00:00,1995-02-17 21:01:00,Earth,31.0132588114,111647.73172118759,Near Earth asteroid orbits similar to that of 1221 Amor,3403074,(2008 CC175),1860.7955286864599
0,133.2155666981,297.8790627982,1995-02-17 00:00:00,1995-02-17 10:53:00,Earth,10.6494801248,38338.1284491947,Near Earth asteroid orbits similar to that of 2062 Aten,3451019,(2009 EF3),638.9688074865784
0,175.6123184804,392.6810818086,1995-02-18 00:00:00,1995-02-18 20:13:00,Earth,6.1085229744000005,21990.6827079513,Near Earth asteroid orbits which cross the Earth’s orbit similar to that of 1862 Apollo,3766092,(2016 YE3),366.511378465855
0,92.1626548503,206.08196123209999,1995-02-18 00:00:00,1995-02-18 15:01:00,Earth,11.217348156400002,40382.4533630756,An asteroid orbit contained entirely within the orbit of the Eart,3703545,(2015 AJ44),673.0408893845932
0,19.2555078188,43.0566244241,1995-02-18 00:00:00,1995-02-18 07:59:00,Earth,9.0552146724,32598.772820709302,Near Earth asteroid orbits similar to that of 2062 Aten,3776085,(2017 MA5),543.312880345155
0,29.144390453499998,65.1688382168,1995-02-18 00:00:00,1995-02-18 16:05:00,Earth,7.5756500407,27272.340146549,Near Earth asteroid orbits similar to that of 1221 Amor,3843636,(2019 QZ3),454.5390024424833
0,7.3207398935,16.3696720474,1995-02-15 00:00:00,1995-02-15 09:40:00,Earth,23.4100298231,84276.1073632331,Near Earth asteroid orbits which cross the Earth’s orbit similar to that of 1862 Apollo,3647013,(2013 QP48),1404.6017893872183
0,242.41248110080002,542.0507863358,1995-02-15 00:00:00,1995-02-15 02:13:00,Earth,3.089003928,11120.4141406276,Near Earth asteroid orbits which cross the Earth’s orbit similar to that of 1862 Apollo,3314405,(2006 BX139),185.34023567712666
0,76.6575573531,171.4115092306,1995-02-15 00:00:00,1995-02-15 01:46:00,Earth,7.919524047,28510.2865690244,Near Earth asteroid orbits which cross the Earth’s orbit similar to that of 1862 Apollo,3702321,(2014 YF),475.17144281707334
0,201.62991944279997,450.8582061718,1995-02-15 00:00:00,1995-02-15 22:36:00,Earth,2.1643758564,7791.7530829515,Near Earth asteroid orbits which cross the Earth’s orbit similar to that of 1862 Apollo,3447920,(2009 DF1),129.862551382525
0,167.7084621628,375.00752179809996,1995-02-15 00:00:00,1995-02-15 02:15:00,Earth,20.0192419611,72069.2710600874,Near Earth asteroid orbits similar to that of 2062 Aten,3426410,(2008 QV11),1201.1545176681234
0,92.1626548503,206.08196123209999,1995-02-15 00:00:00,1995-02-15 18:33:00,Earth,8.526855944400001,30696.681399696,An asteroid orbit contained entirely within the orbit of the Eart,3666785,(2014 FP47),511.61135666160004
0,16.0160337979,35.8129403019,1995-02-15 00:00:00,1995-02-15 06:13:00,Earth,4.6554785934,16759.7229360863,Near Earth asteroid orbits similar to that of 1221 Amor,3719196,(2015 JR1),279.3287156014383
0,63.7609789875,142.57388332809998,1995-02-15 00:00:00,1995-02-15 18:07:00,Earth,7.9199338078,28511.7617082204,Near Earth asteroid orbits which cross the Earth’s orbit similar to that of 1862 Apollo,3610026,(2012 TB53),475.19602847034
0,5.411964966599999,12.1015215572,1995-02-15 00:00:00,1995-02-15 03:10:00,Earth,19.4732712844,70103.7766238148,Near Earth asteroid orbits which cross the Earth’s orbit similar to that of 1862 Apollo,3989296,(2020 BK13),1168.39627706358
0,530.3407233187,1185.8779085771,1995-02-16 00:00:00,1995-02-16 18:35:00,Earth,16.7314553517,60233.2392661186,Near Earth asteroid orbits which cross the Earth’s orbit similar to that of 1862 Apollo,2306462,306462 (1999 RC32),1003.8873211019767
0,46.190746028199996,103.28564805040001,1995-02-16 00:00:00,1995-02-16 13:12:00,Earth,14.5882415865,52517.6697114198,Near Earth asteroid orbits which cross the Earth’s orbit similar to that of 1862 Apollo,3371672,(2007 FJ1),875.29449519033
0,139.49382293440001,311.91767052259996,1995-02-16 00:00:00,1995-02-16 01:05:00,Earth,28.2415483514,101669.5740652034,Near Earth asteroid orbits which cross the Earth’s orbit similar to that of 1862 Apollo,3448109,(2009 DB12),1694.4929010867234
0,92.1626548503,206.08196123209999,1995-02-16 00:00:00,1995-02-16 16:11:00,Earth,16.299622651099998,58678.641543813486,Near Earth asteroid orbits similar to that of 1221 Amor,3423827,(2008 PR9),977.9773590635581
0,18.388867207,41.1187571041,1995-02-16 00:00:00,1995-02-16 21:47:00,Earth,10.461926587699999,37662.9357158986,Near Earth asteroid orbits similar to that of 2062 Aten,3740929,(2016 BW14),627.7155952649767
0,6.676594135,14.9293183439,1995-02-16 00:00:00,1995-02-16 04:59:00,Earth,5.4687564032000004,19687.5230515691,Near Earth asteroid orbits similar to that of 1221 Amor,3752430,(2016 HD3),328.12538419281833
1,1460.6796427135998,3266.1789744576,1995-02-13 00:00:00,1995-02-13 07:58:00,Earth,33.931711008200004,122154.1596293958,Near Earth asteroid orbits similar to that of 2062 Aten,2192642,192642 (1999 RD32),2035.90266048993
0,9.0814454086,20.3067292676,1995-02-13 00:00:00,1995-02-13 08:00:00,Earth,13.3856782032,48188.4415313854,Near Earth asteroid orbits similar to that of 2062 Aten,3836139,(2018 VA6),803.1406921897566
0,12.721987853900002,28.447229650300002,1995-02-13 00:00:00,1995-02-13 23:47:00,Earth,17.8763553959,64354.879425373205,Near Earth asteroid orbits similar to that of 2062 Aten,3799861,(2018 EZ2),1072.5813237562202
0,8.4053340207,18.7948982439,1995-02-13 00:00:00,1995-02-13 20:20:00,Earth,13.4666716675,48480.018002933,Near Earth asteroid orbits similar to that of 1221 Amor,3836049,(2018 VX1),808.0003000488833
0,14.6067964271,32.6617897446,1995-02-13 00:00:00,1995-02-13 01:14:00,Earth,17.715238164000002,63774.8573904191,Near Earth asteroid orbits which cross the Earth’s orbit similar to that of 1862 Apollo,3798979,(2018 BR6),1062.9142898403184
0,20.1629919443,45.0858206172,1995-02-13 00:00:00,1995-02-13 16:36:00,Earth,13.4239826447,48326.337520775305,Near Earth asteroid orbits which cross the Earth’s orbit similar to that of 1862 Apollo,3776011,(2017 MZ2),805.4389586795884
0,27.8326768072,62.2357573367,1995-02-14 00:00:00,1995-02-14 01:53:00,Earth,8.4443752677,30399.7509636371,Near Earth asteroid orbits similar to that of 2062 Aten,3402249,(2008 CK70),506.6625160606183
0,384.1978910643,859.0926012317999,1995-02-14 00:00:00,1995-02-14 00:23:00,Earth,16.820418964,60553.50827031581,Near Earth asteroid orbits which cross the Earth’s orbit similar to that of 1862 Apollo,2162015,162015 (1994 TF2),1009.2251378385969
0,96.50614695790001,215.7943048444,1995-02-14 00:00:00,1995-02-14 20:01:00,Earth,11.262864323199999,40546.3115634109,Near Earth asteroid orbits similar to that of 1221 Amor,3843369,(2019 OS1),675.7718593901816
0,53.0340723319,118.5877908577,1995-02-14 00:00:00,1995-02-14 08:40:00,Earth,20.4659421992,73677.3919169638,An asteroid orbit contained entirely within the orbit of the Eart,3892166,(2019 UP13),1227.9565319493965
0,50.6471458835,113.25046106180001,1995-02-26 00:00:00,1995-02-26 10:32:00,Earth,14.1517345446,50946.244360510995,An asteroid orbit contained entirely within the orbit of the Eart,3757202,(2016 PP27),849.1040726751833
0,30.5179232594,68.24015094010001,1995-02-26 00:00:00,1995-02-26 23:49:00,Earth,11.5355023458,41527.8084448228,Near Earth asteroid orbits which cross the Earth’s orbit similar to that of 1862 Apollo,3799683,(2018 DC),692.1301407470467
0,242.41248110080002,542.0507863358,1995-02-26 00:00:00,1995-02-26 06:20:00,Earth,7.336099057899999,26409.9566083647,Near Earth asteroid orbits similar to that of 1221 Amor,2334412,334412 (2002 EZ2),440.165943472745
0,291.4439045349,651.6883821679,1995-02-26 00:00:00,1995-02-26 05:33:00,Earth,16.0048924285,57617.612742524005,An asteroid orbit contained entirely within the orbit of the Eart,2340291,340291 (2006 CV),960.2935457087334
1,171.0625637514,382.5075209536,1995-02-26 00:00:00,1995-02-26 03:06:00,Earth,16.071979809800002,57859.1273154496,Near Earth asteroid orbits which cross the Earth’s orbit similar to that of 1862 Apollo,3989242,(2020 BN10),964.3187885908267
0,581.5070396458,1300.2892700427,1995-02-24 00:00:00,1995-02-24 16:10:00,Earth,10.6718263642,38418.5749110826,Near Earth asteroid orbits similar to that of 1221 Amor,3766034,(2016 XQ23),640.3095818513767
0,5.553349115800001,12.417666125699999,1995-02-24 00:00:00,1995-02-24 15:04:00,Earth,12.2801695833,44208.610499956296,Near Earth asteroid orbits which cross the Earth’s orbit similar to that of 1862 Apollo,3627010,(2013 CL129),736.8101749992716
0,63.7609789875,142.57388332809998,1995-02-24 00:00:00,1995-02-24 18:46:00,Earth,29.9575051775,107847.01863911052,Near Earth asteroid orbits similar to that of 2062 Aten,3031176,(2000 EB14),1797.450310651842
0,44.9940386047,100.6097289024,1995-02-24 00:00:00,1995-02-24 05:09:00,Earth,3.6067025449,12984.1291616758,Near Earth asteroid orbits similar to that of 2062 Aten,3989653,(2020 CJ1),216.40215269459668
0,146.0679642714,326.6178974458,1995-02-25 00:00:00,1995-02-25 01:37:00,Earth,17.1644285178,61791.942663973095,An asteroid orbit contained entirely within the orbit of the Eart,3599543,(2012 DQ8),1029.8657110662182
0,15.295193534400001,34.201092472,1995-02-25 00:00:00,1995-02-25 11:14:00,Earth,4.7740040353,17186.4145271212,Near Earth asteroid orbits similar to that of 1221 Amor,3736504,(2015 XN261),286.4402421186867
0,38.419789106399996,85.9092601232,1995-02-25 00:00:00,1995-02-25 00:26:00,Earth,4.3442246652,15639.2087947834,An asteroid orbit contained entirely within the orbit of the Eart,3771019,(2017 ED3),260.6534799130567
0,63.7609789875,142.57388332809998,1995-02-25 00:00:00,1995-02-25 18:50:00,Earth,15.6983661426,56514.118113464014,Near Earth asteroid orbits which cross the Earth’s orbit similar to that of 1862 Apollo,3843177,(2019 NW3),941.9019685577335
0,20.7469842192,46.39166704220001,1995-02-25 00:00:00,1995-02-25 12:08:00,Earth,9.8624570411,35504.845348071496,Near Earth asteroid orbits similar to that of 2062 Aten,3986764,(2020 BM1),591.7474224678583
1,146.0679642714,326.6178974458,1995-02-22 00:00:00,1995-02-22 07:01:00,Earth,19.2231654576,69203.395647432,Near Earth asteroid orbits which cross the Earth’s orbit similar to that of 1862 Apollo,3646046,(2013 QU1),1153.3899274572
0,11.080388212599999,24.7765012606,1995-02-22 00:00:00,1995-02-22 06:32:00,Earth,7.1641480595,25790.933014339502,Near Earth asteroid orbits similar to that of 1221 Amor,3780693,(2017 PZ26),429.848883572325
0,19.2555078188,43.0566244241,1995-02-22 00:00:00,1995-02-22 16:00:00,Earth,3.559962966,12815.866677463899,Near Earth asteroid orbits similar to that of 1221 Amor,3840126,(2018 PM28),213.59777795773164
1,121.49404079959999,271.6689340891,1995-02-22 00:00:00,1995-02-22 11:34:00,Earth,28.4189571094,102308.2455937979,Near Earth asteroid orbits which cross the Earth’s orbit similar to that of 1862 Apollo,3005973,(1995 CR),1705.1374265632983
0,44.1118199997,98.6370281305,1995-02-22 00:00:00,1995-02-22 13:38:00,Earth,17.5649076529,63233.667550520586,An asteroid orbit contained entirely within the orbit of the Eart,3348144,(2006 TL),1053.8944591753432
0,44.1118199997,98.6370281305,1995-02-22 00:00:00,1995-02-22 06:00:00,Earth,10.5515197723,37985.4711801058,Near Earth asteroid orbits which cross the Earth’s orbit similar to that of 1862 Apollo,3660308,(2014 BR57),633.0911863350967
1,802.7031672828999,1794.8988477988,1995-02-23 00:00:00,1995-02-23 06:22:00,Earth,10.0294124178,36105.8847039331,Near Earth asteroid orbits which cross the Earth’s orbit similar to that of 1862 Apollo,2200840,200840 (2001 XN254),601.7647450655517
0,4.6190746028,10.328564805,1995-02-23 00:00:00,1995-02-23 18:52:00,Earth,10.610524654199999,38197.8887550016,Near Earth asteroid orbits similar to that of 1221 Amor,3726012,(2015 PS228),636.6314792500267
0,53.0340723319,118.5877908577,1995-02-23 00:00:00,1995-02-23 08:07:00,Earth,20.7028686255,74530.3270516308,An asteroid orbit contained entirely within the orbit of the Eart,3664086,(2014 EC49),1242.17211752718
1,160.1603379786,358.1294030194,1995-02-23 00:00:00,1995-02-23 18:22:00,Earth,17.947262088,64610.143516674005,Near Earth asteroid orbits similar to that of 1221 Amor,2216985,216985 (2000 QK130),1076.8357252779
0,699.1252322458,1563.2915440869,1995-02-23 00:00:00,1995-02-23 15:11:00,Earth,37.6101691531,135396.6089510848,Near Earth asteroid orbits which cross the Earth’s orbit similar to that of 1862 Apollo,2455594,455594 (2004 SV55),2256.6101491847467
0,291.4439045349,651.6883821679,1995-02-23 00:00:00,1995-02-23 00:11:00,Earth,28.810387646,103717.39552562199,Near Earth asteroid orbits similar to that of 2062 Aten,3404525,(2008 EJ),1728.6232587603665
0,11.6025908209,25.9441817907,1995-02-23 00:00:00,1995-02-23 15:05:00,Earth,14.995636810499999,53984.292517769005,An asteroid orbit contained entirely within the orbit of the Eart,3799830,(2018 ES1),899.7382086294834
0,265.8,594.3468684194,1995-02-23 00:00:00,1995-02-23 21:25:00,Earth,27.9375247264,100575.0890150731,Near Earth asteroid orbits similar to that of 1221 Amor,3627116,(2013 DM1),1676.2514835845516
0,26.58,59.434686841899996,1995-02-20 00:00:00,1995-02-20 22:41:00,Earth,0.681436673,2453.1720226433,Near Earth asteroid orbits which cross the Earth’s orbit similar to that of 1862 Apollo,3781977,(2017 SV19),40.886200377388334
0,80.2703167283,179.48988477990002,1995-02-20 00:00:00,1995-02-20 22:25:00,Earth,18.0944504784,65140.0217221424,Near Earth asteroid orbits similar to that of 1221 Amor,3264547,(2004 YA5),1085.6670287023733
0,146.0679642714,326.6178974458,1995-02-20 00:00:00,1995-02-20 01:08:00,Earth,17.3399436264,62423.797055154806,Near Earth asteroid orbits similar to that of 2062 Aten,3368184,(2007 CA27),1040.3966175859134
0,30.5179232594,68.24015094010001,1995-02-20 00:00:00,1995-02-20 18:14:00,Earth,13.435925056199999,48369.330202288,Near Earth asteroid orbits which cross the Earth’s orbit similar to that of 1862 Apollo,3625940,(2013 CL22),806.1555033714667
1,366.9061375314,820.4270648822,1995-02-20 00:00:00,1995-02-20 13:12:00,Earth,21.730956608200003,78231.4437895517,Near Earth asteroid orbits similar to that of 1221 Amor,3744785,(2016 CL264),1303.8573964925283
1,384.1978910643,859.0926012317999,1995-02-20 00:00:00,1995-02-20 09:39:00,Earth,18.8746964548,67948.9072373912,Near Earth asteroid orbits similar to that of 2062 Aten,2152685,152685 (1998 MZ),1132.4817872898534
0,530.3407233187,1185.8779085771,1995-02-20 00:00:00,1995-02-20 09:36:00,Earth,21.8388396327,78619.8226778388,Near Earth asteroid orbits similar to that of 1221 Amor,2326386,326386 (2001 OA14),1310.33037796398
1,146.0679642714,326.6178974458,1995-02-20 00:00:00,1995-02-20 06:47:00,Earth,18.2886298538,65839.0674735529,Near Earth asteroid orbits similar to that of 2062 Aten,3638380,(2013 JL22),1097.3177912258818
0,146.0679642714,326.6178974458,1995-02-20 00:00:00,1995-02-20 01:08:00,Earth,17.3399435263,62423.7966946249,An asteroid orbit contained entirely within the orbit of the Eart,2526826,526826 (2007 CA27),1040.3966115770816
1,211.1324447897,472.10649880550005,1995-02-21 00:00:00,1995-02-21 04:07:00,Earth,6.5617579265999995,23622.328535767203,Near Earth asteroid orbits which cross the Earth’s orbit similar to that of 1862 Apollo,2303450,303450 (2005 BY2),393.70547559612004
0,24.241248110100003,54.205078633599996,1995-02-21 00:00:00,1995-02-21 15:03:00,Earth,10.5124589424,37844.8521924812,Near Earth asteroid orbits similar to that of 1221 Amor,3596492,(2012 BV61),630.7475365413534
0,80.2703167283,179.48988477990002,1995-02-21 00:00:00,1995-02-21 21:43:00,Earth,5.2794699110000005,19006.0916796957,An asteroid orbit contained entirely within the orbit of the Eart,3743607,(2016 CV193),316.768194661595
0,8.4053340207,18.7948982439,1995-02-21 00:00:00,1995-02-21 22:16:00,Earth,5.439276663999999,19581.3959904839,Near Earth asteroid orbits which cross the Earth’s orbit similar to that of 1862 Apollo,3744694,(2016 DH),326.35659984139835
0,231.5021222103,517.6544821978,1995-02-21 00:00:00,1995-02-21 14:17:00,Earth,24.5854821807,88507.7358504059,Near Earth asteroid orbits similar to that of 1221 Amor,3770349,(2017 EU),1475.1289308400983
0,483.67648821849997,1081.533506775,1995-02-21 00:00:00,1995-02-21 17:29:00,Earth,15.474761059,55709.1398122884,Near Earth asteroid orbits similar to that of 1221 Amor,2311554,311554 (2006 BQ147),928.48566353814
0,441.11819999690005,986.3702813053999,1995-02-21 00:00:00,1995-02-21 04:17:00,Earth,16.1803917206,58249.410193997595,Near Earth asteroid orbits similar to that of 2062 Aten,2267136,267136 (2000 EF104),970.8235032332933
0,441.11819999690005,986.3702813053999,1995-02-21 00:00:00,1995-02-21 15:44:00,Earth,15.1061401776,54382.104639462195,Near Earth asteroid orbits which cross the Earth’s orbit similar to that of 1862 Apollo,3360486,(2006 WE4),906.3684106577033
0,160.1603379786,358.1294030194,1995-02-21 00:00:00,1995-02-21 12:08:00,Earth,20.3431731991,73235.4235168198,An asteroid orbit contained entirely within the orbit of the Eart,3656919,(2014 BG3),1220.5903919469968
0,421.2646105562,941.9763057186,1995-02-21 00:00:00,1995-02-21 12:54:00,Earth,29.732425849400002,107036.7330578476,Near Earth asteroid orbits similar to that of 2062 Aten,3803762,(2018 GY4),1783.9455509641266
